Index of pulse,IPR,Tsys/Tdia,Tpw25/Tpi,Tpw50/Tpi,Tpw75/Tpi,Tpw25/Tsp,Tpw50/Tsp,Tpw75/Tsp,Tdw10/Tsw10,Tdw25/Tsw25,Tdw33/Tsw33,Tdw50/Tsw50,Tdw66/Tsw66,Tdw75/Tsw75,Tdw90/Tsw90,Tsp/Tpi,Asp/Aoff,Adp/Asp,IPA,Tsp/Asp,Asp/deltaT,Asp/(Tpi-Tsp)
1,98.6842105263158,1.5000000000000002,0.48,0.28,0.18666666666666668,1.894736842105263,1.105263157894737,0.736842105263158,3.9166666666666665,2.5999999999999996,2.111111111111111,2.0000000000000004,1.666666666666667,1.8000000000000005,1.6666666666666674,0.25333333333333335,-1.5734936614052446,-0.6703012378662063,6.281959553329614,0.1594784817431573,4.25494036031945,2.127470180159725
2,102.73972602739725,1.9523809523809528,0.6081081081081081,0.27027027027027034,0.17567567567567566,2.2499999999999996,1.0,0.6499999999999998,3.066666666666666,2.750000000000001,1.2727272727272732,1.2222222222222208,1.1428571428571408,1.1666666666666643,1.0,0.27027027027027034,-2.7783421713166057,0.06849508797758984,-2.605226532326511,0.11214371332526689,5.404320831634669,3.3026405082211863
3,100.00000000000003,1.7999999999999994,0.4324324324324324,0.2837837837837836,0.18918918918918895,1.684210526315788,1.1052631578947354,0.7368421052631564,3.2142857142857104,1.6666666666666643,1.545454545454543,1.3333333333333302,1.2857142857142818,1.3333333333333288,1.2499999999999931,0.25675675675675697,-2.9845761092382816,0.031274521397528066,-0.6157677378666642,0.09698148766657397,6.530455951663251,3.5620668827254085
4,99.99999999999999,2.0000000000000018,0.37333333333333335,0.2666666666666666,0.17333333333333353,1.4000000000000006,1.0,0.6500000000000009,3.2142857142857166,1.3333333333333364,1.272727272727276,1.222222222222226,1.1428571428571428,1.1666666666666667,1.0,0.2666666666666666,-3.3382980987938016,0.05538807245302198,-6.9168466973975775,0.10709594275499858,5.492601110607352,3.3954261411027282
5,101.35135135135134,1.653846153846153,0.4054054054054057,0.283783783783784,0.1756756756756758,1.5,1.05,0.65,3.142857142857139,1.5,1.3636363636363635,1.3333333333333333,1.2857142857142858,1.1666666666666667,1.0,0.27027027027027045,-2.545557018304102,-0.02546108984843565,0.0914167128824758,0.11235204980893011,6.357567267356982,3.296516360851767
6,101.35135135135134,1.7916666666666654,0.5199999999999997,0.2800000000000002,0.18666666666666681,1.9499999999999973,1.05,0.7,3.1333333333333298,2.2499999999999956,1.4545454545454495,1.3333333333333333,1.2857142857142858,1.3333333333333333,1.0,0.2666666666666669,-3.008052948143317,0.0558073589974109,-2.5214858387924846,0.10130746425261845,6.368349016354996,3.589433081945541
7,99.99999999999999,1.9545454545454533,0.3972602739726023,0.2876712328767118,0.1780821917808213,1.5263157894736812,1.1052631578947338,0.6842105263157866,3.142857142857139,1.416666666666662,1.3636363636363587,1.3333333333333273,1.2857142857142778,1.1666666666666574,0.9999999999999861,0.26027397260273993,-2.969250236911725,0.028009328668794818,-4.169380628697419,0.10253849739182896,5.790508102835875,3.431412209087924
8,100.00000000000006,2.000000000000004,0.3766233766233772,0.2727272727272731,0.16883116883116908,1.380952380952381,1.0,0.6190476190476191,3.1333333333333258,1.4166666666666667,1.3636363636363635,1.3333333333333333,1.2857142857142858,1.1666666666666667,1.0,0.2727272727272731,-3.4234060815967027,0.048949780973593274,4.198633035327909,0.11170944110574585,5.5290497625787625,3.3569230701371073
9,101.35135135135141,2.047619047619041,0.3972602739726027,0.273972602739726,0.1780821917808219,1.5263157894736843,1.0526315789473684,0.6842105263157895,3.2142857142857144,1.6363636363636365,1.5,1.5,1.2857142857142858,1.6,1.6666666666666667,0.2602739726027397,-2.7957191403136425,-0.005244557146169659,-0.46184213651401607,0.12058854683240822,4.774562683450809,2.9177883065532684
10,101.35135135135125,1.8695652173913075,0.418918918918918,0.2837837837837827,0.18918918918918798,1.5500000000000032,1.0500000000000003,0.6999999999999983,3.285714285714312,1.583333333333348,1.4545454545454692,1.3333333333333497,1.285714285714306,1.333333333333358,1.6666666666667282,0.2702702702702692,-2.9609353620388945,0.03528220109178841,-2.1347798112818563,0.12312239736047904,5.239999416464137,3.008147813155344
11,98.68421052631585,2.000000000000004,0.4000000000000006,0.2800000000000004,0.18666666666666695,1.5,1.05,0.7,3.2857142857142856,1.5,1.4545454545454546,1.3333333333333333,1.2857142857142858,1.3333333333333333,1.6666666666666667,0.26666666666666705,-2.7966675220293804,-0.016792340869587273,0.09148816491738138,0.12055166280899295,5.027393168527874,3.016435901116726
12,99.99999999999991,1.9565217391304288,0.40789473684210525,0.27631578947368424,0.17105263157894737,1.4761904761904763,1.0,0.6190476190476191,3.0,1.5833333333333333,1.4545454545454546,1.3333333333333333,1.125,1.1666666666666667,1.0,0.27631578947368424,-2.7826292419110565,0.004206974641369598,-0.24758216281948345,0.12340816925241352,5.317719272358191,3.0939457584629433
13,101.35135135135141,1.9545454545454581,0.40540540540540604,0.2837837837837842,0.17567567567567594,1.5,1.05,0.65,3.2142857142857064,1.5,1.3636363636363635,1.3333333333333333,1.2857142857142858,1.1666666666666667,1.0,0.2702702702702707,-2.900136044290997,-0.012758057125781519,0.14404143767263838,0.10515634498595977,5.943531035463904,3.522092465460093
14,101.35135135135141,1.9545454545454581,0.4189189189189195,0.2837837837837827,0.17567567567567594,1.55,1.0499999999999945,0.65,3.0,1.5833333333333333,1.4545454545454444,1.333333333333321,1.2857142857142858,1.1666666666666667,1.0,0.2702702702702707,-2.6578194995031597,-0.020958491390819563,0.2749266074795422,0.10472777361911297,5.967853401267547,3.5365057192696594
15,100.00000000000006,1.7999999999999954,0.4189189189189204,0.2837837837837823,0.1891891891891892,1.5500000000000056,1.0499999999999945,0.7,3.142857142857143,1.5833333333333426,1.4545454545454692,1.3333333333333497,1.285714285714322,1.3333333333333333,1.2500000000000278,0.2702702702702703,-2.960373702467596,0.03552070607803339,-8.105158515503724,0.09666891844292749,7.134197666863943,3.831328376649149
16,98.6842105263157,2.0454545454545494,0.3896103896103902,0.27272727272727165,0.18181818181818207,1.4285714285714362,1.0,0.6666666666666702,3.0666666666666895,1.5,1.4545454545454692,1.3333333333333497,1.285714285714322,1.3333333333333333,1.6666666666667653,0.27272727272727165,-3.108155999508185,0.03162987310434154,2.02989055286771,0.10394201861045516,5.9422268980390776,3.6077806166665893
17,100.00000000000006,1.909090909090913,0.6000000000000024,0.2799999999999989,0.17333333333333506,2.2500000000000053,1.0499999999999945,0.6500000000000056,3.2857142857142856,2.7500000000000093,1.3636363636363875,1.3333333333333497,1.285714285714322,1.1666666666666852,1.3333333333333828,0.26666666666666705,-2.902680270019181,0.005972162047186691,-0.2278196199883762,0.10398746494561437,5.828208297774907,3.4969249786649463
18,101.35135135135125,2.047619047619041,0.40540540540540543,0.2837837837837823,0.17567567567567718,1.5,1.0499999999999945,0.6500000000000056,3.2142857142857224,1.5,1.3636363636363875,1.3333333333333497,1.285714285714322,1.1666666666666852,1.0,0.2702702702702703,-2.75924284942402,-0.018214006114939684,0.22769139681862702,0.10276301578600995,5.897652977824687,3.6041212642261926
19,100.00000000000006,1.8333333333333364,0.4266666666666673,0.2799999999999989,0.18666666666666695,1.6,1.0499999999999945,0.7,3.0666666666666895,1.6666666666666667,1.4545454545454692,1.3333333333333497,1.285714285714322,1.3333333333333333,1.2500000000000278,0.26666666666666705,-2.873210556348097,0.026256310414101963,-0.1908883834661382,0.09689819211933862,6.6581354740654906,3.752767267200551
20,98.6842105263157,2.142857142857136,0.3815789473684225,0.27631578947368274,0.18421052631578946,1.4500000000000055,1.0499999999999945,0.7,3.142857142857143,1.4166666666666758,1.3636363636363875,1.3333333333333497,1.285714285714322,1.3333333333333333,1.6666666666667653,0.2631578947368421,-3.3643735757648887,0.06388607699858186,0.9418153054347018,0.09990112599117311,5.719941249501647,3.574963280938525
21,98.6842105263157,1.7916666666666696,0.5064935064935087,0.2597402597402601,0.18181818181818207,1.9500000000000055,1.0,0.7,3.499999999999992,2.5454545454545197,1.6,1.5,1.2857142857142494,1.3333333333333333,1.666666666666568,0.2597402597402601,-2.7512315838387846,-0.013831454512228324,0.5673266652594403,0.10478892357224467,5.783632328685678,3.3484187166074992
22,101.35135135135157,1.8636363636363584,0.6388888888888888,0.2777777777777778,0.18055555555555403,2.421052631578933,1.0526315789473624,0.6842105263157796,3.142857142857127,2.8333333333333335,1.3636363636363398,1.2222222222221948,1.1428571428571248,1.166666666666648,1.0,0.26388888888889045,-2.70621615273832,0.010722775489034227,-0.5377748448811602,0.10051193414120259,6.097815458863133,3.566646777825596
23,99.99999999999976,1.8000000000000034,0.41333333333333544,0.2799999999999989,0.18666666666666695,1.4761904761904894,1.0,0.6666666666666702,2.933333333333355,1.5833333333333426,1.4545454545454692,1.3333333333333497,1.1250000000000138,1.0000000000000318,1.0,0.2799999999999989,-2.799781803237946,0.012420017864359659,0.32091392569382665,0.10000236562512616,7.241208010508638,3.888796894532426
24,98.684210526316,1.9565217391304384,0.40259740259740173,0.27272727272727165,0.18181818181818207,1.4761904761904632,0.9999999999999895,0.6666666666666632,2.9999999999999702,1.5833333333333242,1.4545454545454197,1.3333333333332922,1.2857142857142494,1.3333333333333333,1.2499999999999722,0.27272727272727454,-3.066016691762337,0.038183704632531464,1.2751003058479544,0.09885930635633246,6.437063538256157,3.7932695850438036
25,100.00000000000006,1.826086956521725,0.5974025974025965,0.2727272727272709,0.16883116883117003,2.3,1.0499999999999945,0.6500000000000056,3.2000000000000237,2.8333333333333335,1.3636363636363875,1.3333333333333497,1.285714285714322,1.1666666666666852,1.0,0.2597402597402594,-3.0687786652472053,0.0376261862004013,2.0559869151064993,0.09911888755909193,5.934643826253178,3.5399629840808315
26,99.99999999999976,1.8636363636363673,0.39726027397260183,0.27397260273972646,0.17808219178082066,1.611111111111125,1.111111111111125,0.722222222222225,3.2857142857142856,1.636363636363653,1.6,1.5,1.285714285714322,1.6000000000000356,1.6666666666667653,0.24657534246575075,-2.6970355361855693,-0.01491920800960939,0.4403245287591535,0.09404925778924353,5.7996687935257665,3.4798012761154715
27,100.00000000000006,1.8260869565217515,0.5000000000000014,0.27631578947368646,0.1710526315789464,1.9,1.0500000000000056,0.6499999999999945,3.1333333333333027,2.1666666666666665,1.45454545454544,1.3333333333333168,1.2857142857142494,1.166666666666648,1.0,0.26315789473684287,-2.8011717674371224,0.013856830925419734,0.02370237390917961,0.09860282482193873,6.146483198174673,3.6220347417815124
28,98.6842105263157,1.7499999999999793,0.4054054054054012,0.28378378378378144,0.17567567567567965,1.5789473684210318,1.1052631578947245,0.684210526315803,3.2142857142856553,1.4999999999999816,1.36363636363636,1.3333333333333497,1.2857142857142494,1.166666666666642,1.0,0.25675675675675746,-2.9490317390587917,0.04223548343401151,1.8311893729506257,0.09321461600443187,6.575183722017562,3.706012643318964
29,100.00000000000036,1.8695652173913075,0.36363636363636415,0.25974025974025433,0.1688311688311734,1.3333333333333404,0.9523809523809362,0.6190476190476382,3.066666666666629,1.3333333333333333,1.2727272727272396,1.2222222222222003,1.1428571428571248,1.166666666666642,1.0,0.27272727272727165,-3.4063920474455465,0.06642953705616735,1.0120193004624078,0.10445606104642076,6.092165739246369,3.59002623919876
30,99.99999999999976,1.8260869565217601,0.373333333333335,0.26666666666666783,0.17333333333333262,1.4736842105263417,1.0526315789473868,0.6842105263157956,3.2857142857143535,1.5454545454546225,1.5000000000000444,1.5,1.2857142857143944,1.1666666666667282,1.3333333333334814,0.25333333333333,-2.8588849626300212,0.0009681786273710967,0.3717808943292651,0.10674423468723719,5.3938048967660155,3.178492171308572
31,101.35135135135157,1.9545454545454286,0.4054054054054012,0.28378378378378144,0.17567567567567965,1.5789473684210318,1.1052631578947245,0.684210526315803,3.2857142857142176,1.4999999999999816,1.36363636363636,1.3333333333333497,1.2857142857142494,1.166666666666642,1.0,0.25675675675675746,-2.851729185797959,-0.0033275294502225533,0.29526255018639025,0.1023297726376478,5.626491302744837,3.375894781646879
32,98.6842105263157,1.8695652173913258,0.3866666666666669,0.26666666666666783,0.18666666666666454,1.5263157894737052,1.0526315789473868,0.7368421052631591,3.2142857142857575,1.6363636363637062,1.6000000000000356,1.5,1.2857142857143944,1.3333333333333828,1.6666666666669627,0.25333333333333,-2.917787931511553,0.0040071326243890796,0.16475584946477162,0.09694150385137484,5.939226779896867,3.499901495296398
33,97.40259740259745,1.7916666666666614,0.3815789473684196,0.27631578947368274,0.1710526315789459,1.4499999999999944,1.0499999999999945,0.6499999999999945,2.9999999999999702,1.4166666666666574,1.36363636363636,1.3333333333333497,1.2857142857142494,1.1666666666667282,1.0,0.2631578947368421,-3.0959106591526475,0.022570130315411167,-0.6086591857180055,0.09591625172092803,6.516101169366606,3.723486382495198
34,101.35135135135096,1.7916666666666614,0.3815789473684196,0.2631578947368421,0.1710526315789459,1.380952380952383,0.9523809523809574,0.6190476190476171,2.9333333333333984,1.4166666666666574,1.2727272727273315,1.2222222222222496,1.1428571428571972,1.1666666666667282,1.0,0.27631578947368274,-3.0155736552934282,0.025704270985292415,-2.699082421445762,0.10421703755802715,6.500082622877507,3.6636829328945946
35,100.00000000000036,2.0476190476190625,0.39189189189189155,0.28378378378378916,0.18918918918919275,1.5263157894736694,1.1052631578947478,0.7368421052631653,3.2857142857142176,1.6363636363635996,1.5999999999999646,1.333333333333284,1.4285714285713742,1.333333333333284,1.666666666666568,0.256756756756759,-2.884285714466668,0.001742345570030339,-0.19855593225828766,0.09749915531671288,5.731573033597138,3.543154238950963
36,98.6842105263157,1.9999999999999836,0.40000000000000235,0.2799999999999981,0.18666666666666343,1.500000000000011,1.0499999999999945,0.6999999999999889,3.2857142857143535,1.5000000000000184,1.45454545454544,1.3333333333333497,1.2857142857142494,1.3333333333333828,1.2499999999999722,0.2666666666666663,-2.8135509350777754,-0.0210654797362764,0.5121620842112505,0.09513788999951368,6.370338947644361,3.822203368586603
37,98.6842105263157,1.913043478260873,0.4025974025974046,0.28571428571428326,0.18181818181818496,1.4761904761904894,1.0476190476190426,0.6666666666666807,3.1333333333333178,1.3846153846154134,1.2500000000000093,1.2000000000000266,1.1249999999999862,1.0,1.0,0.27272727272727165,-2.8947946371287325,0.02947459928370725,1.729398880384238,0.10047302148580753,6.333676711947219,3.7323452052546187
38,99.99999999999976,1.826086956521725,0.5999999999999976,0.280000000000004,0.18666666666666934,2.2499999999999947,1.0500000000000167,0.7000000000000111,3.1333333333333178,2.4615384615384825,1.2500000000000093,1.0999999999999868,1.0,1.0,1.0,0.2666666666666663,-2.968492052530341,0.03878841678572228,1.7171913634259268,0.09683610339899393,6.454204352118678,3.7551734412326723
39,101.35135135135157,1.9545454545454681,0.4054054054054036,0.28378378378378316,0.17567567567567471,1.499999999999989,1.0499999999999945,0.6499999999999945,2.933333333333282,1.4999999999999816,1.3636363636363196,1.3333333333332347,1.2857142857142494,1.166666666666568,1.0,0.27027027027027106,-2.7289620567218407,-0.002879495861661195,0.29721160648294576,0.10181428663069149,6.138627698360726,3.6377053027322916
40,100.00000000000036,2.0000000000000138,0.4054054054054036,0.28378378378378316,0.18918918918919275,1.499999999999989,1.0499999999999945,0.7000000000000111,2.9999999999999702,1.4999999999999816,1.45454545454544,1.3333333333333497,1.2857142857142494,1.333333333333284,1.2499999999999722,0.27027027027027106,-2.8844691784335357,0.001987057984014446,0.2233517063302421,0.09365710616811782,6.673279002215847,3.9545357050168084
41,102.7397260273967,2.0000000000000044,0.3698630136986322,0.27397260273972646,0.17808219178082066,1.2857142857142978,0.9523809523809574,0.6190476190476171,2.800000000000077,1.2500000000000093,1.2727272727273315,1.2222222222222496,1.2857142857143944,1.1666666666667282,1.0,0.28767123287671126,-3.1514224983716086,0.029010236959052672,1.0506597256407633,0.0972154398794059,6.968228047715794,4.1541359515228855
42,100.00000000000036,1.6799999999999953,0.6578947368421023,0.27631578947368857,0.1710526315789459,2.3809523809523325,1.0,0.619047619047604,3.199999999999947,3.1666666666666483,1.45454545454544,1.333333333333284,1.2857142857142494,1.166666666666568,1.0,0.27631578947368857,-2.6953357145770935,0.022331429852396043,0.6688744856307217,0.10099494432981262,6.931040010419487,3.780567278410604
43,101.35135135135096,1.7199999999999802,0.3918918918918892,0.27027027027026945,0.18918918918919161,1.4499999999999944,1.0,0.7000000000000111,2.933333333333312,1.4166666666666574,1.36363636363636,1.2222222222222496,1.0,1.0,1.0,0.27027027027026945,-2.865710233773949,0.06406217712478056,0.9730728349023414,0.09774957940301317,7.055326239005129,3.7889714987249556
44,100.00000000000036,1.7916666666666863,0.4133333333333307,0.27999999999999975,0.18666666666667045,1.5499999999999834,1.0499999999999945,0.7000000000000111,3.066666666666629,1.5833333333333055,1.4545454545453995,1.3333333333332347,1.1249999999999862,1.333333333333284,1.0,0.26666666666666783,-3.0087400852027133,0.04632186231194665,1.246302239749513,0.09775687164579996,6.599651558615526,3.719803605765131
45,98.6842105263157,1.9999999999999836,0.4133333333333342,0.2799999999999981,0.18666666666666934,1.5500000000000056,1.0499999999999945,0.7000000000000111,2.9999999999999702,1.3846153846154134,1.36363636363636,1.3333333333333497,1.1249999999999862,1.0,1.0,0.2666666666666663,-2.8538210101053845,0.0011787316159149236,0.20199831625406117,0.10058858676738586,6.025142866974962,3.6150857201849647
46,99.99999999999976,1.9090909090909034,0.605263157894734,0.24999999999999561,0.15789473684210525,2.1904761904761916,0.9047619047618937,0.5714285714285744,1.3333333333333235,2.5384615384615516,1.0833333333333242,1.1111111111111,1.0,0.999999999999926,1.0,0.27631578947368274,-3.829302004066212,0.10963720552629252,0.873747938148863,0.10831522620067503,5.875107855885786,3.525064713531471
47,100.00000000000036,1.9090909090909225,0.39189189189189155,0.27027027027027106,0.17567567567567471,1.4499999999999944,1.0,0.6499999999999945,2.9999999999999702,1.4166666666666574,1.3636363636363196,1.22222222222214,1.2857142857142494,1.166666666666568,1.0,0.27027027027027106,-2.5131953350752276,-0.07877787617378851,0.70118320349054,0.12045132795556418,5.18881784541695,3.0748550195063484
48,99.99999999999976,1.833333333333328,0.4078947368421067,0.27631578947368274,0.1710526315789459,1.4761904761904894,1.0,0.6190476190476171,3.066666666666659,1.3846153846154134,1.45454545454544,1.3333333333333497,1.1249999999999862,1.1666666666667282,1.0,0.27631578947368274,-2.983671991159749,0.056665327216725965,0.9891166352203021,0.11422721569337595,5.930454933412059,3.342620053377706
49,98.6842105263157,1.954545454545478,0.3866666666666669,0.26666666666666194,0.18666666666667045,1.4499999999999944,0.9999999999999778,0.7000000000000111,3.066666666666629,1.4166666666666574,1.3636363636363196,1.2222222222222003,1.1249999999999862,1.0,1.0,0.26666666666666783,-2.803838815207162,0.005378308176057895,0.21047736901945635,0.11337993418731211,5.345395641695731,3.207237385017453
50,98.68421052631628,1.8333333333333024,0.37662337662337353,0.2597402597402586,0.16883116883116667,1.3809523809523538,0.9523809523809372,0.619047619047604,3.066666666666629,1.4166666666666574,1.3636363636363196,1.22222222222214,1.2857142857142494,1.166666666666568,1.0,0.27272727272727587,-3.080060672441598,0.015968634934703303,0.34773857290147725,0.10504144779931905,6.247533842581637,3.5700193386180357
51,101.35135135135096,1.8260869565217515,0.3783783783783795,0.27027027027027106,0.17567567567567471,1.400000000000031,1.0000000000000222,0.6500000000000089,2.9333333333333984,1.3333333333333333,1.2727272727273315,1.2222222222222496,1.1428571428571972,1.1666666666667282,1.0,0.27027027027026507,-2.8271792108921465,0.0026387222008676732,0.44223546343565834,0.10463717907666181,6.165698425890136,3.5395676148628867
52,98.6842105263157,1.833333333333328,0.4078947368421067,0.27631578947368274,0.1842105263157924,1.5500000000000056,1.0499999999999945,0.7000000000000111,3.35714285714278,1.5833333333333426,1.45454545454544,1.3333333333333497,1.2857142857142494,1.333333333333284,1.666666666666568,0.2631578947368421,-3.032934270827812,0.03008623908693849,-0.7190565378369077,0.09750461659591905,6.409952900898435,3.6628302290848143
53,98.6842105263157,1.759999999999995,0.3684210526315789,0.2631578947368421,0.1710526315789459,1.4,1.0,0.6499999999999945,3.071428571428499,1.3333333333333333,1.2727272727272396,1.22222222222214,1.2857142857142494,1.166666666666568,1.0,0.2631578947368421,-3.128541371635941,0.03202738505892521,2.0960407916818715,0.09661613205919252,6.677573160632422,3.6965137139215134
54,98.6842105263157,1.913043478260873,0.3896103896103815,0.2727272727272774,0.1688311688311734,1.4999999999999667,1.0500000000000167,0.6500000000000167,3.2857142857142176,1.4999999999999445,1.36363636363636,1.333333333333284,1.2857142857142494,1.166666666666642,1.333333333333284,0.2597402597402601,-3.4672881893057563,0.06673422018172454,0.8542180011133766,0.10300886307544446,5.71053088593765,3.4062815810856173
55,98.68421052631628,1.749999999999987,0.3866666666666646,0.26666666666666033,0.1733333333333316,1.5263157894736694,1.0526315789473388,0.6842105263157796,3.285714285714186,1.6363636363635996,1.5999999999998935,1.4999999999999445,1.2857142857141044,1.6000000000000356,1.666666666666568,0.25333333333333447,-2.762648265590114,-0.014409721155545294,0.6797478764955234,0.10700957273515739,5.54856901886249,3.1706108679214067
56,99.99999999999976,1.8260869565217954,0.5866666666666668,0.28000000000001324,0.17333333333333364,2.200000000000027,1.0500000000000622,0.6500000000000089,3.2857142857142496,2.6666666666667656,1.3636363636363196,1.3333333333333333,1.2857142857143944,1.166666666666568,1.000000000000222,0.2666666666666635,-2.628636625521615,-0.004118985607250753,0.6295323204925882,0.10916533676923079,5.725260586345208,3.331060704782728
57,97.40259740259745,1.6923076923076947,0.5454545454545549,0.28571428571428903,0.18181818181818496,2.0999999999999868,1.0999999999999868,0.6999999999999955,3.428571428571374,2.499999999999926,1.54545454545456,1.4444444444443787,1.4285714285714648,1.333333333333284,1.666666666666568,0.2597402597402659,-2.6484638251516017,0.005234892433725966,0.6642865106874432,0.09280058351246821,6.952125362831632,3.7809804604873554
58,97.40259740259745,1.9545454545454088,0.38157894736842907,0.2631578947368464,0.1710526315789449,1.4500000000000066,1.0,0.64999999999998,3.0666666666667495,1.416666666666642,1.3636363636363196,1.2222222222221892,1.2857142857143944,1.166666666666568,0.999999999999778,0.2631578947368464,-3.3491931933382446,0.0930222530156597,0.8277959298680234,0.09389430114859199,6.2648668441203865,3.803669155358751
59,97.40259740259745,1.7199999999999798,0.3717948717948693,0.2564102564102614,0.16666666666666477,1.380952380952383,0.9523809523809785,0.6190476190476171,3.2000000000000712,1.416666666666747,1.3636363636363196,1.2222222222221892,1.2857142857143944,1.166666666666568,1.0,0.26923076923076705,-3.080123609529227,0.03342557937029435,0.4027029567524556,0.10428792729799143,6.292674684432381,3.532729647400621
60,99.99999999999976,1.7916666666667194,0.3866666666666692,0.2666666666666754,0.17333333333333364,1.4500000000000266,1.0000000000000444,0.6500000000000089,3.000000000000059,1.416666666666747,1.3636363636363196,1.2222222222221892,1.1428571428571972,1.166666666666568,1.000000000000222,0.2666666666666635,-2.906150939754157,0.03784066062804539,1.198736608505709,0.10907826345556915,5.914664112574103,3.3337197725418295
61,98.68421052631628,1.7199999999999644,0.3947368421052638,0.27631578947368113,0.1710526315789449,1.4999999999999778,1.0499999999999712,0.64999999999998,3.066666666666568,1.499999999999926,1.45454545454544,1.3333333333332347,1.2857142857141044,1.166666666666568,0.999999999999778,0.2631578947368464,-2.955833715113456,0.03395111627920393,0.1345269387063425,0.105829298967267,6.096244580833456,3.3747068215327527
62,97.40259740259745,1.6666666666666694,0.40259740259739885,0.27272727272727165,0.16883116883116764,1.5500000000000178,1.0500000000000178,0.6500000000000089,3.000000000000059,1.5833333333334012,1.45454545454544,1.333333333333465,1.2857142857143944,1.1666666666668888,1.000000000000222,0.25974025974025433,-2.83208433693352,0.023157218149092197,0.5461482072032166,0.10280859320280583,6.484542253696049,3.4129169756295257
63,96.15384615384579,1.7916666666666448,0.5897435897435909,0.26923076923076705,0.17948717948717044,2.300000000000062,1.0500000000000178,0.6999999999999822,3.2000000000000712,2.833333333333494,1.45454545454544,1.333333333333465,1.2857142857143944,1.3333333333334814,1.000000000000222,0.25641025641025,-3.012860021612682,0.04624944931883927,1.1145205624088566,0.10211387513651056,5.760581442348036,3.376892569652297
64,97.40259740259745,1.6800000000000028,0.532467532467526,0.27272727272727165,0.16883116883116764,2.0500000000000176,1.0500000000000178,0.6500000000000089,3.2000000000000712,2.416666666666747,1.3636363636363196,1.3333333333332347,1.2857142857143944,1.166666666666568,0.999999999999778,0.25974025974025433,-2.9010677581814006,0.03328079969751238,0.5969949951970177,0.10090927184686514,6.193682587943426,3.477155137091069
65,99.99999999999976,1.8695652173913617,0.3866666666666692,0.2666666666666754,0.17333333333333364,1.4500000000000266,1.0000000000000444,0.6500000000000089,3.2857142857142496,1.416666666666747,1.3636363636363196,1.2222222222221892,1.2857142857143944,1.166666666666568,1.000000000000222,0.2666666666666635,-2.7795915454866926,0.013171775335835903,0.33615246442169716,0.10302638345374793,6.066407254609324,3.52954603904549
66,97.40259740259745,1.6923076923076947,0.41558441558441617,0.27272727272727165,0.18181818181818496,1.5999999999999646,1.0499999999999712,0.6999999999999955,3.133333333333195,1.666666666666568,1.45454545454544,1.3333333333332347,1.2857142857141044,1.333333333333284,1.2499999999998335,0.2597402597402659,-3.002972934630875,0.05429737459671324,-3.1863744688170876,0.09585486024877943,6.730605924917828,3.6605049767096736
67,96.15384615384579,1.7199999999999798,0.3717948717948693,0.2564102564102614,0.16666666666666477,1.4499999999999622,1.0,0.64999999999998,3.133333333333381,1.416666666666568,1.3636363636363196,1.2222222222221892,1.0,1.166666666666568,0.999999999999778,0.2564102564102614,-3.019383195825785,0.04713086977541216,1.0787666777671858,0.10117144430098148,5.990431492285706,3.408348952507346
68,96.15384615384689,1.7916666666666448,0.3717948717948693,0.26923076923076705,0.17948717948718182,1.4499999999999622,1.0499999999999712,0.6999999999999955,3.35714285714278,1.416666666666568,1.3636363636363196,1.3333333333332347,1.2857142857141044,1.333333333333284,1.3333333333331359,0.2564102564102614,-3.392569551807621,0.05473615558899689,0.9730333512202265,0.09944221981335308,5.915347577937721,3.467617545687593
69,98.68421052631513,1.7500000000000273,0.3815789473684218,0.2631578947368378,0.17105263157895859,1.4500000000000266,1.0,0.6500000000000533,3.0666666666667495,1.416666666666747,1.3636363636364004,1.22222222222231,1.1428571428571972,1.166666666666716,1.000000000000222,0.2631578947368378,-2.8399602646927447,0.006367416673028731,0.6668988525171118,0.10936825183535215,5.714638293212196,3.265507596121295
70,98.68421052631628,1.791666666666628,0.3947368421052638,0.27631578947368113,0.1710526315789449,1.4999999999999778,1.0499999999999712,0.64999999999998,3.35714285714278,1.499999999999926,1.3636363636363196,1.3333333333332347,1.2857142857141044,1.166666666666568,0.999999999999778,0.2631578947368464,-2.856465814223952,0.0278074537478195,0.2249725080630449,0.1071701399628504,5.8318483135010775,3.332484750571993
71,94.93670886075981,1.5172413793103587,0.5569620253164524,0.27848101265823183,0.17721518987342127,2.200000000000027,1.1000000000000356,0.7000000000000266,3.266666666666761,2.6666666666667656,1.54545454545456,1.4444444444443787,1.4285714285714648,1.333333333333284,1.250000000000111,0.2531645569620208,-2.655172043037172,0.045744906717566314,0.7139261988526554,0.09974605221865915,6.683639621197278,3.398460824337638
72,97.40259740259745,1.9130434782609007,0.3947368421052684,0.27631578947368435,0.18421052631578178,1.5000000000000444,1.0500000000000178,0.6999999999999822,3.285714285714458,1.500000000000111,1.3636363636365105,1.333333333333465,1.2857142857143944,1.3333333333334814,1.250000000000111,0.2631578947368378,-3.4015776287351107,0.09069912804246592,0.775490575402916,0.09836738051947384,6.161194929254045,3.630704154739034
73,96.15384615384579,1.6923076923076876,0.3624999999999986,0.24999999999999445,0.16249999999999862,1.380952380952383,0.9523809523809362,0.6190476190476171,3.13333333333344,1.416666666666747,1.3636363636365105,1.22222222222231,1.2857142857143944,1.1666666666668888,1.000000000000222,0.2624999999999986,-3.334159584541909,0.06069235153193421,1.0293115294013915,0.11309394231311162,5.626858727780458,3.1472260680805952
74,98.68421052631513,1.7499999999999627,0.38157894736841735,0.2631578947368464,0.18421052631579132,1.5263157894736694,1.0526315789473857,0.7368421052631653,3.35714285714278,1.6363636363635996,1.5,1.5000000000000555,1.2857142857143944,1.333333333333284,1.666666666666568,0.25,-2.5989700381555676,-0.040706552580439946,0.7551010382108856,0.1063864858197774,5.411942798194653,3.133230041060029
75,97.40259740259745,1.833333333333362,0.40789473684210326,0.28947368421053093,0.18421052631579346,1.631578947368394,1.1578947368421102,0.7368421052631653,3.4285714285713107,1.58333333333321,1.5454545454544795,1.4444444444443787,1.4285714285712836,1.333333333333284,1.666666666666568,0.25000000000000294,-2.906080095858012,0.033954065712078096,-1.7421775468551783,0.0953777155300504,6.036604803940597,3.4948764654393103
76,96.15384615384689,1.5862068965517082,0.5641025641025682,0.2820512820512841,0.17948717948718182,2.1999999999999735,1.0999999999999868,0.6999999999999955,3.1999999999998816,2.666666666666568,1.6363636363635996,1.4444444444443787,1.4285714285712836,1.333333333333284,1.2499999999998335,0.2564102564102614,-2.4303702887829233,0.016963998296601474,0.6547001052643965,0.09589577783789316,7.191715714321086,3.5958578571604964
77,96.15384615384579,1.7600000000000418,0.38461538461537936,0.2692307692307701,0.16666666666667806,1.5,1.0500000000000178,0.6500000000000533,3.13333333333344,1.500000000000037,1.3636363636364004,1.333333333333465,1.2857142857143944,1.166666666666716,1.000000000000222,0.2564102564102529,-3.382161471746987,0.09884732606736679,0.8254548351007513,0.086286554996167,7.0238127607192995,3.9963072604093197
78,94.93670886075981,1.6538461538461138,0.3797468354430381,0.26582278481012334,0.1645569620253139,1.4999999999999778,1.0499999999999712,0.64999999999998,3.499999999999905,1.499999999999926,1.3636363636363196,1.3333333333332347,1.2857142857143944,1.166666666666568,0.999999999999778,0.25316455696202916,-3.124294999686986,0.05201926369075633,-0.10590827049512289,0.09287416691130604,6.5256101477541195,3.649917540269192
79,98.68421052631513,1.6800000000000253,0.3815789473684218,0.2631578947368378,0.17105263157895859,1.4500000000000266,1.0,0.6500000000000533,3.2142857142856553,1.416666666666747,1.3636363636364004,1.22222222222231,1.2857142857143944,1.166666666666716,1.000000000000222,0.2631578947368378,-2.8121826282501208,0.0074559591056783964,0.6745785769356305,0.09555684502678095,6.7515968127845145,3.7374910927914757
80,97.40259740259745,1.7599999999999636,0.42105263157893325,0.28947368421052755,0.19736842105263774,1.5999999999999202,1.0999999999999868,0.7500000000000111,3.133333333333195,1.4615384615384142,1.45454545454544,1.1999999999998756,1.1249999999999307,1.1428571428570522,0.999999999999778,0.2631578947368464,-2.9740972503047307,0.06779368799728028,0.8841824676666061,0.0967617999683196,6.667520555982164,3.6909488792043534
81,94.93670886075981,1.5517241379310487,0.4050632911392422,0.27848101265823183,0.17721518987342127,1.523809523809532,1.0476190476190637,0.6666666666666807,3.1999999999998816,1.666666666666568,1.5454545454544795,1.4444444444443787,1.2499999999999722,1.333333333333284,0.999999999999778,0.2658227848101263,-2.7588257163829306,0.05616576200348362,0.6450573459965412,0.10035481177081872,7.215776884602187,3.607888442301116
82,96.15384615384579,1.6923076923076732,0.38461538461538636,0.26923076923076705,0.16666666666666477,1.4285714285714466,1.0,0.6190476190476171,3.0666666666667495,1.499999999999926,1.3636363636363196,1.3333333333332347,1.1250000000000415,1.166666666666568,0.999999999999778,0.26923076923076705,-3.391381027392218,0.1097500546945373,0.8246704810851593,0.10047776921423954,6.741982431898001,3.666692199804162
83,93.74999999999991,1.6538461538462057,0.3500000000000094,0.2500000000000083,0.16250000000000042,1.3333333333333615,0.9523809523809785,0.6190476190476171,3.066666666666509,1.333333333333284,1.2727272727271994,1.2222222222221892,1.1428571428570522,1.166666666666568,0.999999999999778,0.2625000000000015,-3.2676894275077695,0.04927489598873535,1.217021487209869,0.10887762460721025,5.8447604699256965,3.2691033136873036
84,98.68421052631628,1.8333333333332684,0.37662337662337136,0.25974025974025133,0.1688311688311657,1.3809523809523245,0.952380952380896,0.6190476190475909,3.066666666666509,1.416666666666568,1.3636363636363196,1.2222222222220906,1.2857142857141044,1.166666666666568,0.999999999999778,0.2727272727272801,-2.797106593822068,-0.01933809345236901,0.68464543009657,0.11025533027516121,5.952093185538114,3.401196106021692
85,97.40259740259745,1.6296296296296322,0.3896103896103815,0.27272727272727165,0.16883116883116764,1.5,1.0500000000000178,0.6500000000000089,3.133333333333381,1.500000000000037,1.45454545454544,1.3333333333332347,1.1250000000000415,1.166666666666568,0.999999999999778,0.25974025974025433,-2.829667093850261,0.04410646288915918,0.5326051798813243,0.09989171938184775,6.673893199477645,3.5125753681461553
86,94.93670886075981,1.5714285714285858,0.39240506329113667,0.26582278481013755,0.16455696202531575,1.5500000000000178,1.0500000000000622,0.6500000000000089,3.2000000000000712,1.5833333333334012,1.45454545454544,1.3333333333333333,1.2857142857143944,1.166666666666568,1.000000000000222,0.2531645569620208,-2.8451281371695414,0.054327648238809784,0.6003978929025982,0.0947998626476814,6.80550870332234,3.5757757593727932
87,96.15384615384579,1.6296296296296118,0.4102564102564091,0.2820512820512727,0.17948717948717044,1.6000000000000356,1.0999999999999912,0.6999999999999822,3.428571428571592,1.6666666666667653,1.54545454545456,1.4444444444445212,1.4285714285715918,1.3333333333334814,1.250000000000111,0.25641025641025,-2.856364983556795,0.04339944809002886,0.6324884321650563,0.0885510906021519,7.285752054948491,3.8941088569552327
88,93.74999999999991,1.6538461538461704,0.36708860759493683,0.2658227848101263,0.17721518987342127,1.4500000000000266,1.0500000000000178,0.7000000000000266,3.428571428571374,1.416666666666747,1.3636363636363196,1.3333333333332347,1.2857142857143944,1.333333333333284,1.666666666666568,0.2531645569620208,-3.340499014834542,0.10247915824310994,0.8947841456977863,0.09152049041276795,6.62213022818368,3.7039033479671803
89,93.74999999999991,1.833333333333328,0.35000000000000553,0.24999999999999445,0.14999999999999444,1.3333333333333615,0.9523809523809362,0.5714285714285533,3.428571428571374,1.54545454545456,1.5,1.4999999999999445,1.2857142857143944,1.3999999999999644,1.666666666666568,0.2624999999999986,-3.2495267292999555,0.027171540458534184,1.4475837441409678,0.10106845447539524,5.936570447370041,3.5216943331856174
90,98.68421052631628,1.7200000000000408,0.3717948717948735,0.2692307692307701,0.16666666666666666,1.380952380952383,1.0,0.6190476190476171,3.35714285714278,1.416666666666568,1.3636363636363196,1.3333333333332347,1.2857142857141044,1.166666666666568,0.999999999999778,0.2692307692307701,-2.727034558118427,0.006766598571408236,0.7297389572829163,0.10855509108324093,6.045317575172751,3.393862498342637
91,96.15384615384579,1.5925925925925952,0.38961038961039307,0.2857142857142775,0.18181818181817344,1.578947368421055,1.1578947368420633,0.7368421052631186,3.428571428571592,1.72727272727272,1.6000000000000356,1.4444444444445212,1.4285714285715918,1.3333333333334814,1.666666666666568,0.24675324675324856,-2.8384085749535806,0.04967423475643739,0.57115254766001,0.09092235307980408,6.740952087640129,3.6029226675317894
92,94.93670886075981,1.517241379310312,0.40506329113923767,0.2784810126582287,0.17721518987341928,1.5999999999999646,1.0999999999999868,0.6999999999999955,3.266666666666761,1.666666666666568,1.54545454545456,1.4444444444443787,1.4285714285714648,1.333333333333284,1.2499999999998335,0.25316455696202916,-2.733018006486228,0.05731041157545668,0.6870624746807236,0.0915470345331457,7.282231151084612,3.7028293988565153
93,96.15384615384579,1.6666666666667032,0.3974358974358966,0.2692307692307701,0.17948717948718387,1.5500000000000178,1.0500000000000178,0.7000000000000266,3.285714285714458,1.5833333333334012,1.45454545454544,1.333333333333465,1.2857142857143944,1.333333333333284,1.250000000000111,0.2564102564102529,-3.1264457338048945,0.059044840817380366,0.9294925543673076,0.08434903811462548,7.648709513981904,4.08810336092143
94,92.59259259259315,1.5925925925925881,0.3750000000000028,0.2624999999999986,0.17500000000000276,1.4999999999999778,1.0499999999999712,0.6999999999999955,3.2000000000000712,1.499999999999926,1.45454545454544,1.3333333333332347,1.2857142857143944,1.333333333333284,1.2499999999998335,0.25000000000000555,-3.1957338790275034,0.06842022179198431,1.0219499234595746,0.08874588961005268,6.82916818709739,3.756042502903536
95,97.40259740259633,1.7199999999999798,0.5641025641025568,0.25641025641025,0.16666666666666477,2.095238095238085,0.9523809523809362,0.6190476190476171,3.13333333333344,2.6666666666667656,1.2727272727273828,1.22222222222231,1.1428571428571972,1.1666666666668888,1.000000000000222,0.26923076923076705,-3.1392402669680375,0.05091464714081594,1.050408928345037,0.09912723727351597,6.620279330384676,3.716648045128225
96,97.40259740259745,1.7916666666666696,0.35064935064934105,0.246753246753237,0.16883116883116764,1.3499999999999313,0.94999999999994,0.64999999999998,3.285714285714186,1.454545454545359,1.39999999999984,1.374999999999903,1.2857142857141044,1.166666666666568,1.3333333333331359,0.2597402597402659,-2.8589266883157443,-0.00805831995109514,0.7026478715440106,0.09420769931046229,6.433238583434148,3.724506548303961
97,94.93670886075981,1.5172413793103587,0.43037974683544206,0.27848101265823183,0.16455696202531575,1.699999999999951,1.0999999999999868,0.64999999999998,3.266666666666509,1.83333333333321,1.5454545454544795,1.4444444444443787,1.1249999999999307,1.166666666666568,0.999999999999778,0.253164556962032,-2.668593291653777,0.04155534465864446,0.7289648440541957,0.08874154649989814,7.512452655616696,3.819891180822037
98,96.15384615384579,1.7200000000000026,0.41558441558441617,0.2857142857142775,0.18181818181818496,1.5999999999999646,1.0999999999999424,0.6999999999999955,3.133333333333195,1.4615384615384825,1.333333333333284,1.1999999999999822,1.1249999999999307,0.9999999999998731,0.999999999999778,0.2597402597402659,-3.2894767718941824,0.10441612163778288,0.8364846948321545,0.08762604634460124,7.1325824463439425,4.0042568119825415
99,94.93670886075981,1.7499999999999951,0.32499999999999724,0.23750000000000138,0.14999999999999444,1.2380952380951817,0.9047619047618766,0.5714285714285291,3.133333333333195,1.166666666666568,1.18181818181816,1.1111111111110452,1.1428571428570522,0.999999999999852,0.999999999999778,0.2625000000000097,-3.838109859276499,0.1069011329602103,0.9422020254458723,0.10577747799520723,5.672284983266686,3.3649148205818973
100,98.68421052631628,1.791666666666628,0.3947368421052638,0.27631578947368113,0.1710526315789449,1.4999999999999778,1.0499999999999712,0.64999999999998,3.2857142857142496,1.499999999999926,1.3636363636363196,1.3333333333332347,1.2857142857141044,1.166666666666568,0.999999999999778,0.2631578947368464,-2.4991269939695355,-0.08118369978609431,0.7441698974956447,0.10946087331055004,5.709802791604303,3.2627444523452653
101,97.40259740259745,1.7916666666666696,0.40259740259739885,0.27272727272727165,0.18181818181818496,1.5500000000000178,1.0500000000000178,0.7000000000000266,3.3571428571430566,1.5833333333334012,1.45454545454544,1.333333333333465,1.4285714285714648,1.333333333333284,1.250000000000111,0.25974025974025433,-3.1463342615043617,0.06645972993821898,0.8739237625798455,0.09654453121566099,6.277523940809949,3.634355965732098
102,94.93670886075874,1.5714285714285738,0.38961038961039307,0.27272727272727165,0.18181818181817344,1.5000000000000444,1.0500000000000178,0.6999999999999822,3.142857142857324,1.500000000000111,1.45454545454544,1.333333333333465,1.4285714285715918,1.3333333333334814,1.250000000000111,0.25974025974025433,-2.7646931032412403,0.008930542216376564,0.6821671910860828,0.09715958918318286,7.098168880824572,3.6113490797177934
103,93.74999999999991,1.799999999999995,0.3624999999999986,0.2624999999999986,0.16249999999999862,1.3181818181818,0.9545454545454398,0.59090909090908,3.133333333333195,1.416666666666568,1.3636363636363196,1.3333333333332347,1.2857142857141044,1.166666666666568,0.999999999999778,0.2750000000000028,-3.4382005696025795,0.06557741247839403,0.8499880231527158,0.09772321395966065,6.82198875429817,3.8814763602041142
104,98.68421052631628,1.720000000000018,0.4683544303797474,0.2531645569620208,0.16455696202531575,1.68181818181816,0.9090909090908798,0.59090909090908,3.133333333333195,2.08333333333321,1.3636363636363196,1.2222222222220906,1.1428571428569254,1.166666666666568,0.999999999999778,0.27848101265823183,-2.7250375093009818,-0.008430460246733685,0.7829812219630964,0.10717250181063256,6.414891771536549,3.601342748932804
105,99.99999999999976,1.826086956521725,0.3733333333333387,0.26666666666666033,0.18666666666666934,1.4736842105263306,1.0526315789473388,0.7368421052631653,3.2857142857142496,1.54545454545456,1.5,1.4999999999999445,1.2857142857143944,1.333333333333284,1.666666666666568,0.25333333333333447,-3.0711613946292275,0.060986906659610124,0.8508532163268298,0.09259795923925603,6.217821434594802,3.6640733453862047
106,94.93670886075874,1.6296296296296653,0.3846153846154021,0.2692307692307815,0.1794871794871725,1.578947368421102,1.1052631578947714,0.7368421052631186,3.7692307692307585,1.7272727272725805,1.6999999999999822,1.6249999999998057,1.4285714285714648,1.3333333333331359,1.3333333333331359,0.24358974358974708,-2.9805894543565836,0.04545480595249661,0.6332274639735715,0.09036395428247201,6.570650927293215,3.563742875820078
107,96.15384615384689,1.7916666666666696,0.3766233766233988,0.2727272727272832,0.16883116883116764,1.4499999999999866,1.049999999999969,0.6499999999999512,2.8749999999999583,1.2307692307690732,1.166666666666568,1.0999999999997514,0.999999999999778,0.8571428571424584,0.5999999999995737,0.2597402597402774,-3.1894809652059446,0.05975094865815687,0.8633136703720304,0.10005022104704549,6.057563888596415,3.507010672345235
108,96.15384615384689,1.7916666666665784,0.35897435897435953,0.2692307692307754,0.17948717948719117,1.333333333333305,1.0,0.6666666666666948,2.812499999999993,0.9999999999998731,1.0,0.9090909090908064,0.777777777777712,0.7499999999999445,0.5999999999999289,0.2692307692307754,-3.5444883016699245,0.06310076469478643,0.8803113120622351,0.10922880108945658,5.825969250019549,3.3729295658006873
109,98.68421052631513,1.913043478260873,0.3896103896104046,0.25974025974025433,0.16883116883116764,1.4285714285715494,0.9523809523809765,0.6190476190476432,3.2857142857145214,1.5,1.5000000000000888,1.500000000000222,1.2857142857143944,1.166666666666568,1.3333333333331359,0.27272727272726016,-2.665082189369885,-0.05320351042732979,0.717424199564848,0.117615507538066,5.410541940293291,3.1883550719585876
110,100.00000000000095,1.8260869565217954,0.40000000000001895,0.28000000000001324,0.17333333333333364,1.5000000000000888,1.0500000000000622,0.6500000000000089,3.066666666666509,1.5,1.3636363636362903,1.3333333333333333,1.2857142857143944,1.166666666666568,1.0,0.2666666666666635,-2.865553216746016,0.015336454606637745,0.41667429298975556,0.10259230820354025,6.092074649105234,3.54447979584311
111,97.40259740259745,1.8333333333333364,0.3896103896103815,0.2727272727272832,0.1818181818181965,1.5,1.0500000000000622,0.700000000000071,3.2857142857145214,1.500000000000222,1.4545454545455574,1.3333333333333333,1.2857142857143944,1.333333333333432,1.250000000000333,0.25974025974025433,-2.9271225534627496,0.010323290964028186,0.5420743092454613,0.09724677277647821,6.232192480604124,3.608111436139252
112,96.1538461538447,1.9130434782608268,0.38157894736841735,0.27631578947366947,0.184210526315803,1.4500000000000266,1.0499999999999734,0.700000000000071,3.000000000000127,1.4166666666669256,1.3636363636365105,1.3333333333335966,1.2857142857143944,1.333333333333432,1.250000000000333,0.2631578947368347,-3.6047479022864626,0.06549585603030679,0.7711444249874914,0.09553162786988108,6.344083311194807,3.738477665525497
113,100.00000000000095,1.913043478260873,0.5714285714285781,0.25974025974025433,0.16883116883116764,2.0,0.9090909090908798,0.59090909090908,3.066666666666509,2.666666666666568,1.3636363636361288,1.2222222222220906,1.2857142857138144,1.166666666666568,0.9999999999995559,0.28571428571428903,-2.825634535307496,-0.015710788810254353,0.6895471177675419,0.12053845725428174,5.703573910438377,3.3184430024368656
114,100.00000000000095,1.8695652173913617,0.40000000000001895,0.28000000000001324,0.17333333333333364,1.5000000000000888,1.0500000000000622,0.6500000000000089,3.066666666666509,1.5,1.3636363636365105,1.3333333333333333,1.2857142857143944,1.166666666666568,1.0,0.2666666666666635,-2.719436275430169,0.001647039796847975,0.6136297837203998,0.10874015759357977,5.747646626887724,3.3440853101892833
115,98.68421052631513,1.8749999999999165,0.44000000000001044,0.3066666666666818,0.20000000000000473,1.6500000000000976,1.1500000000000976,0.7500000000000444,3.06666666666699,1.538461538461654,1.3333333333334814,1.3000000000001954,1.250000000000333,1.1428571428573242,1.250000000000333,0.26666666666665717,-2.828395372426843,0.019167936973488082,0.5507492836488587,0.09959732689646131,6.477696846153816,3.651065495104829
116,97.40259740259745,1.9130434782609744,0.3815789473684263,0.2763157894736993,0.1710526315789489,1.3809523809524413,1.0000000000000846,0.6190476190476432,2.9999999999998814,1.416666666666568,1.3636363636365105,1.3333333333333333,1.2857142857143944,1.166666666666568,1.0,0.2763157894736759,-3.247065877977004,0.07078290031342405,0.7674770822704436,0.10798279063287901,6.077357291413914,3.53591696955004
117,101.35135135135157,1.9545454545453596,0.3999999999999858,0.2666666666666809,0.17333333333332954,1.3636363636363196,0.9090909090909605,0.59090909090908,2.933333333333602,1.3076923076922762,1.166666666666716,1.222222222222288,1.000000000000222,1.166666666666568,1.0,0.2933333333333324,-3.1479205300877644,0.021721682965219875,0.937451842306826,0.12132045810832798,5.849610448397546,3.4214702622701827
118,99.99999999999858,1.9130434782609285,0.41333333333334504,0.28000000000001324,0.1866666666666597,1.4761904761905729,1.0000000000000846,0.6666666666666666,3.0000000000002367,1.3846153846154476,1.250000000000185,1.1000000000001244,1.1250000000001665,1.0,1.000000000000444,0.2799999999999896,-2.4867699195492134,-0.05138833716043997,0.6752762765484567,0.12034190626945046,5.629122687502448,3.231533394677417
119,100.00000000000095,2.0952380952379888,0.41333333333331157,0.27999999999998293,0.18666666666667897,1.4761904761903635,0.9999999999999154,0.6666666666666948,2.8749999999999583,1.384615384615311,1.249999999999852,1.0999999999999468,1.1249999999996947,0.9999999999997462,0.7999999999997869,0.28000000000000663,-3.1685762604009717,0.05020558586832074,0.7499914454239955,0.10809045325217764,5.887325080217992,3.5978097712442234
120,98.68421052631513,1.909090909090913,0.35064935064936414,0.2597402597402774,0.16883116883116764,1.2857142857143944,0.9523809523810611,0.6190476190476432,3.066666666666509,1.25,1.1818181818182552,1.222222222222288,1.1428571428573242,1.166666666666568,1.0,0.27272727272726016,-3.905894437672871,0.1070157405406806,0.8584603551397461,0.12097168515773257,5.105715920367192,3.099898951651547
121,101.35135135135157,1.9523809523810804,0.38356164383563013,0.27397260273972535,0.1780821917808239,1.4000000000000532,1.0,0.6500000000000089,3.142857142856925,1.333333333333284,1.2727272727270966,1.2222222222220906,1.1428571428570704,1.166666666666568,1.0,0.27397260273972535,-2.479327340492516,-0.1038818771453609,0.7604123416748726,0.13219318762330337,4.727928959402759,2.854598616997982
122,101.35135135135157,2.0476190476190625,0.3783783783783855,0.27027027027026507,0.17567567567567471,1.333333333333305,0.952380952380896,0.6190476190475909,2.9333333333332545,1.333333333333284,1.2727272727270966,1.2222222222220906,0.999999999999778,1.166666666666568,1.0,0.28378378378379515,-3.3672632322644565,0.07261431129354896,0.7502092021145083,0.125770594189125,5.217833343565337,3.1503899432847096
123,98.68421052631513,1.8749999999999598,0.4078947368421102,0.27631578947369284,0.18421052631577964,1.476190476190448,1.0,0.6666666666666102,3.066666666666509,1.583333333333284,1.4545454545455574,1.3333333333333333,1.2857142857143944,1.3333333333331359,1.250000000000333,0.27631578947369284,-2.41853422404368,-0.10472119816580906,0.6743191252981335,0.11708291349499003,5.785808830831149,3.2610922501047623
124,101.35135135135157,1.9130434782608268,0.39473684210525206,0.2631578947368581,0.1710526315789449,1.3636363636363196,0.9090909090909605,0.59090909090908,2.9999999999998814,1.499999999999852,1.3636363636361288,1.499999999999889,1.2857142857143944,1.166666666666568,1.666666666666272,0.28947368421052755,-2.6340043756828213,-0.0910147797152794,0.7096823331957052,0.1266451968833923,5.603666280437644,3.21691953136231
125,100.00000000000095,2.0000000000000147,0.39189189189189155,0.27027027027026507,0.17567567567567471,1.4500000000000266,1.0,0.6500000000000089,3.2142857142854515,1.416666666666568,1.3636363636362903,1.2222222222220906,1.2857142857143944,1.166666666666568,1.3333333333331359,0.27027027027026507,-2.7958801134237876,0.01579737282926462,0.962234154218647,0.11187462338250762,5.417319743624247,3.310584287770399
126,99.99999999999858,1.7916666666667194,0.41333333333334504,0.29333333333333933,0.1866666666666597,1.4761904761905729,1.047619047619108,0.6666666666666666,3.0000000000002367,1.3846153846154476,1.250000000000185,1.200000000000071,1.1250000000001665,1.0,1.000000000000444,0.2799999999999896,-2.870957226869782,0.004270337864771155,0.669770180598049,0.10574153777948643,6.619915074998489,3.677730597221484
127,100.00000000000095,1.9999999999999514,0.6052631578947245,0.25,0.1710526315789449,2.190476190476078,0.9047619047618766,0.6190476190475909,3.133333333333136,2.833333333333136,1.1818181818180644,1.1111111111110452,1.1428571428567804,1.166666666666568,0.9999999999995559,0.27631578947369284,-3.555677620730752,0.09053709697488403,0.8325583704419214,0.11173634479724275,5.527718487161472,3.4171350647906658
128,101.35135135135157,1.9523809523809152,0.38356164383562075,0.2739726027397187,0.17808219178081958,1.4000000000000532,1.0,0.6500000000000089,3.071428571428662,1.333333333333284,1.272727272727302,1.2222222222220906,1.1428571428573242,1.166666666666568,1.0,0.2739726027397187,-2.8259867266082233,-0.04544636700065953,0.7375726647382713,0.11593828807561057,5.390798936002721,3.254821999095975
129,101.35135135135157,1.9545454545455174,0.5866666666666787,0.2666666666666872,0.1866666666666597,2.095238095238216,0.9523809523810611,0.6666666666666666,3.066666666666509,2.666666666666568,1.3636363636365105,1.222222222222288,1.1250000000001665,1.0,1.0,0.2799999999999896,-2.7342464179962183,-0.01259620198619551,0.6667330554128866,0.11762505911845282,5.579168290483757,3.306173801768237
130,98.68421052631513,1.8695652173913617,0.40000000000001895,0.28000000000001324,0.17333333333333364,1.5000000000000888,1.0500000000000622,0.6500000000000089,3.0000000000002367,1.5,1.3636363636365105,1.3333333333333333,1.2857142857143944,1.166666666666568,1.0,0.2666666666666635,-3.1041152111972927,0.04238103706189129,0.830809332920279,0.1062466184493566,5.882540161011245,3.42256882095206
131,101.35135135135157,1.7083333333332573,0.5599999999999896,0.26666666666665717,0.16000000000000378,1.9999999999999154,0.952380952380896,0.5714285714285714,2.9999999999998814,2.2307692307692415,1.272727272727302,1.2222222222220906,0.999999999999778,1.0,1.0,0.28000000000000663,-3.2051506616205936,0.07143992961403627,0.8770956866247929,0.12362947618601249,5.66208012518655,3.1456000695479838
132,102.7397260273967,1.8636363636363298,0.5205479452054801,0.2739726027397187,0.17808219178081958,1.9000000000000532,1.0,0.6500000000000089,2.9999999999998814,2.166666666666568,1.3636363636365105,1.2222222222220906,1.1428571428573242,1.166666666666568,1.0,0.2739726027397187,-2.453150126867706,-0.06347150461244389,0.7563751381803209,0.12379681878063253,5.211452900625672,3.0482083003659532
133,100.00000000000095,1.8260869565217515,0.4054054054053976,0.28378378378379515,0.18918918918918076,1.5,1.0500000000000622,0.6999999999999822,2.9999999999998814,1.499999999999852,1.3636363636361288,1.3333333333333333,1.2857142857143944,1.3333333333331359,1.0,0.27027027027026507,-2.8762572369130126,0.027202102935863594,1.2683809923254936,0.1071344427157194,6.02197831032257,3.4570616225926165
134,99.99999999999858,1.8695652173913617,0.41333333333334504,0.29333333333333933,0.1866666666666597,1.4761904761905729,1.047619047619108,0.6666666666666666,3.0000000000002367,1.3846153846154476,1.25,1.200000000000071,1.1250000000001665,1.0,1.0,0.2799999999999896,-2.80984521321737,0.010897496034578597,0.5746488233185106,0.11193228342686709,6.052046238128077,3.4743228404069515
135,102.7397260273992,1.8260869565217954,0.6266666666666806,0.2666666666666635,0.17333333333333364,2.2380952380951817,0.952380952380896,0.6190476190475909,3.066666666666509,2.916666666666568,1.2727272727270966,1.2222222222220906,1.1428571428567804,1.166666666666568,0.9999999999995559,0.28000000000001324,-3.2833335506756254,0.08890730722114103,0.8136823660429996,0.11643170260909895,5.81816927570905,3.3400601397589065
136,101.35135135135157,1.7826086956521434,0.410958904109578,0.2876712328766973,0.19178082191779822,1.5789473684210082,1.1052631578946779,0.7368421052631186,3.2857142857145214,1.500000000000222,1.3636363636365105,1.3333333333335966,1.2857142857143944,1.3333333333338269,1.000000000000444,0.26027397260274004,-2.4664562007256405,-0.04826779837900185,0.7545128846220351,0.11372448979102358,5.389368876771479,3.0938969477761913
137,99.99999999999858,1.9545454545453596,0.46666666666666196,0.2933333333333324,0.1866666666666553,1.7500000000000444,1.1000000000000356,0.6999999999999822,3.3571428571430566,1.9166666666669998,1.5454545454547657,1.4444444444448612,1.4285714285717186,1.3333333333338269,1.250000000000333,0.26666666666665717,-2.7401902188543965,0.002707075753797633,0.5636020076199278,0.10516641233241042,5.762872314641166,3.4577233887846504
138,98.68421052631513,1.8695652173914068,0.39473684210526133,0.2763157894736993,0.18421052631578394,1.5,1.0500000000000622,0.6999999999999822,3.066666666666509,1.499999999999852,1.4545454545453225,1.3333333333333333,1.2857142857143944,1.3333333333331359,1.249999999999889,0.26315789473684087,-3.0525814968357854,0.05566260612850885,0.8187077290534829,0.10590136627742183,5.722878064414523,3.3724102879586524
139,102.7397260273992,1.8636363636363298,0.5068493150684772,0.2739726027397187,0.17808219178081958,1.849999999999827,0.9999999999999112,0.6499999999999512,3.066666666666509,2.083333333333136,1.3636363636361288,1.2222222222220906,1.2857142857138144,1.166666666666568,1.666666666666272,0.27397260273974305,-2.647887658956603,-0.008083338379571321,0.7180515178464107,0.11325610363944019,5.696481422110146,3.331904228026604
140,102.7397260273967,1.8260869565217515,0.5540540540540362,0.2837837837837711,0.1756756756756987,2.049999999999973,1.0499999999999734,0.6500000000000977,3.06666666666699,2.416666666666926,1.3636363636365105,1.3333333333335966,1.1250000000001665,1.1666666666668641,1.000000000000444,0.27027027027026507,-2.662829871612265,-0.014794854251230368,0.7132347708963699,0.10153771909963273,6.35390765169248,3.6476136518975664
141,99.99999999999858,1.7500000000000118,0.40540540540542164,0.28378378378379515,0.18918918918920477,1.578947368421102,1.1052631578947714,0.736842105263212,3.142857142857324,1.5,1.4545454545455574,1.3333333333333333,1.2857142857143944,1.333333333333432,1.6666666666668641,0.256756756756759,-3.0026682069039015,0.04791109928223112,0.8313860205685207,0.09305410413918506,6.586525457165353,3.7124052576750213
142,100.00000000000095,1.6399999999999304,0.38666666666666005,0.26666666666665717,0.1866666666666553,1.4499999999998978,0.9999999999999112,0.69999999999992,3.1428571428567986,1.6363636363633869,1.4999999999996447,1.499999999999667,1.2857142857138144,1.3333333333331359,1.666666666666272,0.2666666666666809,-3.240633513418988,0.0663322369955638,0.8958372985176559,0.0997457137833894,6.683662298657702,3.6456339810858744
143,101.35135135135157,1.8636363636363769,0.5405405405405541,0.27027027027026507,0.17567567567567471,2.000000000000089,1.0,0.6500000000000089,3.2857142857143944,2.333333333333284,1.3636363636365105,1.2222222222220906,1.1428571428570704,1.166666666666568,1.0,0.27027027027026507,-2.3834948182292397,-0.06967432557272125,0.7819208029300474,0.10958464078289011,5.70335400595265,3.3797653368608573
144,101.35135135135157,1.8260869565217515,0.6216216216216145,0.2972972972973012,0.18918918918918076,2.3000000000000176,1.1000000000000356,0.6999999999999822,3.066666666666509,2.5384615384615175,1.333333333333284,1.200000000000071,1.1250000000001665,1.0,1.0,0.27027027027026507,-2.9390900882232867,0.040333433840431206,0.8702227141703266,0.09361837199637198,6.89139617112291,3.956171876015038
145,99.99999999999858,2.0000000000000138,0.40540540540542164,0.2702702702702891,0.17567567567567471,1.5000000000000888,1.0000000000000888,0.6500000000000089,2.9999999999998814,1.5,1.3636363636365105,1.222222222222288,1.1250000000001665,1.166666666666568,1.0,0.27027027027026507,-2.812785483693891,0.01492154388665186,1.2382725545024076,0.09888301990728972,6.320599841974517,3.745540647096041
146,101.35135135135157,1.7499999999999627,0.6052631578947245,0.2631578947368347,0.1710526315789449,2.190476190476078,0.952380952380896,0.6190476190475909,3.133333333333136,2.833333333333136,1.3636363636361288,1.2222222222220906,1.1428571428567804,1.166666666666568,0.9999999999995559,0.27631578947369284,-3.1951370060411897,0.05990488369932119,0.8741827440649709,0.0997662907572982,6.790062552157153,3.8271261657612254
147,101.35135135135157,1.6400000000000905,0.6301369863013732,0.2876712328767043,0.1780821917808239,2.421052631578898,1.1052631578946779,0.6842105263157796,3.3571428571425037,2.833333333333136,1.4545454545453225,1.3333333333331359,1.2857142857138144,1.166666666666568,0.9999999999995559,0.2602739726027464,-2.386124931535224,0.005358846776923265,0.7528858714931308,0.10297603267994626,6.362377698404963,3.416832467662005
148,101.35135135135157,1.791666666666637,0.5068493150684772,0.2876712328766973,0.17808219178081958,1.849999999999827,1.0499999999998801,0.6499999999999512,2.9999999999998814,2.083333333333136,1.4545454545453225,1.3333333333331359,1.1249999999996947,1.166666666666568,0.9999999999995559,0.27397260273974305,-2.987955253970954,0.0623268541835077,0.7587240567181137,0.09356331341830894,7.3709998846504785,4.033188616129392
149,101.35135135135157,1.3225806451612447,0.426666666666661,0.28000000000000663,0.1866666666666553,1.5238095238094673,1.0,0.6666666666666102,2.7999999999998817,1.666666666666568,1.4545454545453225,1.3333333333333333,1.1249999999999167,1.0,1.0,0.28000000000000663,-2.80391399732188,0.08473889896460973,0.5342276838432138,0.10285594997182061,8.876914544186135,3.780908046597648
150,101.35135135135157,1.9523809523810185,0.3733333333333431,0.2666666666666635,0.17333333333333364,1.4000000000000532,1.0,0.6500000000000089,3.2857142857139774,1.333333333333284,1.2727272727270966,1.2222222222220906,1.1428571428570704,1.166666666666568,1.3333333333331359,0.2666666666666635,-4.14015294992442,0.13124329082198175,0.8432716299354904,0.10169571693338249,5.784268127073244,3.5757293876453415
151,102.7397260273967,1.8695652173913166,0.5810810810810964,0.28378378378379515,0.18918918918920477,2.1500000000000976,1.0500000000000622,0.700000000000071,3.066666666666509,2.583333333333284,1.4545454545455574,1.3333333333333333,1.2857142857143944,1.333333333333432,1.250000000000333,0.27027027027026507,-3.0153840955143005,0.06183389701318748,0.7643341177743008,0.09499146247129196,6.7917818458425865,3.898985874465222
152,100.00000000000095,1.7916666666666785,0.4189189189189277,0.2972972972973012,0.18918918918918076,1.6315789473684408,1.1578947368421102,0.7368421052631186,3.2142857142854515,1.583333333333284,1.4545454545453225,1.4444444444443787,1.4285714285714648,1.3333333333331359,1.249999999999889,0.256756756756759,-3.0260902728212122,0.05794271614496123,0.7883272409471623,0.09720601044788948,6.305198855322073,3.5538393548178995
153,101.35135135135157,2.0000000000000147,0.39189189189189155,0.27027027027026507,0.17567567567567471,1.4499999999998978,0.9999999999999112,0.6499999999999512,3.3571428571425037,1.416666666666568,1.3636363636361288,1.2222222222220906,1.2857142857138144,1.166666666666568,0.9999999999995559,0.2702702702702891,-2.677958106775357,-0.06141844731282323,0.739023787577252,0.117155441600472,5.173132359719858,3.1613586642732057
154,101.35135135135157,2.0476190476188894,0.4054054054053879,0.28378378378376434,0.1891891891891762,1.4999999999998668,1.0499999999998801,0.69999999999992,3.066666666666509,1.499999999999852,1.3636363636361288,1.3333333333331359,1.1249999999999167,1.0,0.9999999999995559,0.2702702702702826,-2.5380503417525206,-0.034116409049475216,0.681375786464008,0.11122635801543163,5.448893741325113,3.329879508587416
155,100.00000000000095,1.9545454545455174,0.39999999999999525,0.28000000000001324,0.17333333333333364,1.5,1.0500000000000622,0.6500000000000089,2.9999999999998814,1.499999999999852,1.3636363636361288,1.3333333333333333,1.1249999999999167,1.166666666666568,1.0,0.2666666666666635,-3.2376732324617365,0.04852942576373034,0.7895554512997182,0.09794434037446773,6.187806296345982,3.7126837778076562
156,101.35135135135157,1.782608695652229,0.5866666666666787,0.2666666666666872,0.17333333333333364,2.2000000000000712,1.0000000000000888,0.6500000000000089,3.06666666666699,2.666666666666568,1.2727272727274637,1.222222222222288,1.1428571428573242,1.166666666666568,1.0,0.2666666666666635,-2.919458693884875,0.02185314819661875,2.528230957122928,0.10927854892294696,5.719329238537657,3.3276097387856076
157,101.35135135135157,1.818181818181785,0.6575342465753394,0.27397260273974305,0.17808219178081958,2.5263157894736694,1.0526315789474323,0.6842105263157796,3.2857142857145214,3.000000000000444,1.3636363636365105,1.222222222222288,1.2857142857143944,1.166666666666568,1.000000000000444,0.26027397260274004,-2.6784252829375617,-0.009771132383278149,0.7665526477638975,0.10455333414224897,5.678919805581579,3.3652858107149792
158,101.35135135135157,1.9545454545453596,0.5999999999999905,0.26666666666665717,0.18666666666667897,2.2500000000000444,1.0,0.700000000000071,3.06666666666699,2.7500000000004072,1.3636363636365105,1.2222222222225292,1.1250000000001665,1.0000000000002538,1.000000000000444,0.26666666666665717,-2.8516622152129374,-0.000624079333978575,0.6184898578242489,0.09989716298006829,6.066845023231621,3.64010701393892
159,99.99999999999858,1.9090909090909225,0.39189189189189155,0.2837837837837711,0.17567567567567471,1.5263157894738122,1.1052631578947811,0.6842105263158436,3.214285714285859,1.4166666666669256,1.3636363636365105,1.3333333333335966,1.2857142857143944,1.1666666666672094,1.000000000000444,0.25675675675673504,-2.947590493133411,0.022816052325217592,0.8820497536491919,0.0959848960934363,5.9984184928119015,3.599051095687223
160,101.35135135135157,1.782608695652272,0.6578947368421255,0.26315789473684087,0.1710526315789489,2.500000000000089,1.0,0.6500000000000089,3.4285714285711566,3.166666666666568,1.3636363636362903,1.2222222222220906,1.2857142857143944,1.166666666666568,1.0,0.26315789473684087,-3.2394091258801603,0.05376588240563799,0.91542638209393,0.10050105355685832,6.030390574141668,3.5536230169050107
161,101.35135135135157,1.818181818181785,0.6712328767123181,0.27397260273974305,0.17808219178081958,2.7222222222220904,1.111111111111144,0.7222222222221893,3.692307692307724,3.454545454545719,1.5000000000000888,1.499999999999889,1.2857142857143944,1.166666666666568,1.3333333333331359,0.24657534246576143,-2.3000782205316286,-0.07895863158560723,0.8084637565290613,0.09807562262617936,5.561571069842783,3.336942641905618
162,101.35135135135157,1.7826086956521858,0.5945945945946024,0.27027027027026507,0.17567567567567471,2.3157894736842204,1.0526315789473388,0.6842105263157796,3.3571428571430566,2.666666666666568,1.3636363636365105,1.2222222222220906,1.2857142857143944,1.166666666666568,1.0,0.256756756756759,-3.5420335061442194,0.12961138014680224,0.8207193295692827,0.09170160246621184,6.474805063725884,3.7671593098041547
163,99.99999999999858,1.9545454545453596,0.3733333333333106,0.26666666666665717,0.18666666666667897,1.473684210526237,1.0526315789473388,0.736842105263212,3.214285714285859,1.5454545454546043,1.5000000000000888,1.500000000000222,1.2857142857143944,1.333333333333432,1.6666666666668641,0.2533333333333314,-2.7778663142487376,-0.03789656119265534,0.7078778055701554,0.10256424978253188,5.4485215910675535,3.3080309660052323
164,100.00000000000095,1.782608695652229,0.36000000000001703,0.25333333333333746,0.16000000000000758,1.4210526315789918,1.0,0.6315789473684408,3.2142857142854515,1.4545454545453225,1.3999999999997157,1.3749999999997502,1.499999999999704,1.3999999999997157,1.3333333333331359,0.25333333333333746,-3.7221688615645716,0.09966328451041863,0.849625560968642,0.10073487461269935,5.715573459253583,3.3681057884887555
165,101.35135135135157,1.8636363636363298,0.575342465753419,0.2739726027397187,0.17808219178081958,2.210526315789449,1.0526315789473388,0.6842105263157796,3.214285714285859,2.499999999999852,1.3636363636362903,1.2222222222220906,1.1428571428570704,1.166666666666568,1.0,0.26027397260274004,-2.526726665243751,-0.07874965664781786,0.7629520117386249,0.11482612461520741,5.17086161350229,3.0642142894828104
166,101.35135135135157,1.9090909090909225,0.6216216216216385,0.27027027027026507,0.17567567567567471,2.3000000000001064,1.0,0.6500000000000089,3.066666666666509,2.833333333333284,1.3636363636365105,1.2222222222220906,1.000000000000222,1.166666666666568,1.0,0.27027027027026507,-2.8742570942579184,0.018102236060553348,1.0785223777137836,0.10800665476065337,5.78668047246719,3.4291439836842894
167,100.00000000000095,2.0000000000000147,0.39189189189189155,0.2702702702702891,0.17567567567567471,1.4500000000000266,1.0000000000000888,0.6500000000000089,2.9999999999998814,1.416666666666568,1.3636363636365105,1.222222222222288,1.1428571428573242,1.166666666666568,1.0,0.27027027027026507,-3.109648088079585,0.036785261013055,0.8095911169844928,0.11008253100458748,5.505511188104213,3.364479059397046
168,99.99999999999858,1.9545454545454088,0.5921052631578898,0.2631578947368347,0.1710526315789449,2.1428571428572396,0.9523809523809765,0.6190476190476432,3.06666666666699,2.7500000000004072,1.3636363636365105,1.2222222222225292,1.1428571428573242,1.1666666666672094,1.000000000000444,0.27631578947366947,-2.9742164421969624,-0.001247428464123651,0.6183406182171135,0.11755908877434863,5.41313855864492,3.24788313518696
169,101.35135135135157,1.9523809523809668,0.6081081081081084,0.27027027027026507,0.17567567567567471,2.2500000000000444,1.0,0.6500000000000089,3.2857142857143944,2.749999999999852,1.2727272727270966,1.2222222222220906,1.1428571428570704,1.166666666666568,1.0,0.27027027027026507,-2.8209724629888204,-0.016763006828969758,0.7410323125024358,0.1102923269011501,5.495038712926688,3.3580792134552246
170,101.35135135135157,1.9090909090909225,0.39189189189189155,0.27027027027026507,0.17567567567567471,1.4500000000000266,1.0,0.6500000000000089,3.214285714285859,1.416666666666568,1.3636363636365105,1.2222222222220906,1.1428571428570704,1.166666666666568,1.0,0.27027027027026507,-2.8292790053022006,-0.0009095199920120802,0.6163151834858953,0.10705143986770607,5.8383147463719505,3.459742071924147
171,100.00000000000095,1.9545454545454681,0.40540540540542164,0.2702702702702891,0.17567567567567471,1.5000000000000888,1.0000000000000888,0.6500000000000089,2.9999999999998814,1.5,1.3636363636365105,1.222222222222288,1.2857142857143944,1.166666666666568,1.0,0.27027027027026507,-2.652757833199385,-0.0293920734213046,0.6877994416144163,0.10120432380048988,6.1756254726040964,3.659629909691347
172,99.99999999999858,1.8695652173912625,0.3684210526315593,0.2631578947368347,0.1710526315789449,1.3333333333333333,0.9523809523809765,0.6190476190476432,3.0000000000003553,1.3333333333334814,1.2727272727274637,1.2222222222225292,1.1428571428573242,1.1666666666672094,1.000000000000444,0.27631578947366947,-3.3076744694928593,0.05520600596939899,0.8059655308479315,0.09671306146468568,6.785536411124529,3.9479484573815578
173,101.35135135135157,1.9090909090909225,0.39189189189189155,0.27027027027026507,0.17567567567567471,1.4500000000000266,1.0,0.6500000000000089,3.214285714285859,1.416666666666568,1.3636363636362903,1.2222222222220906,1.1428571428570704,1.166666666666568,1.0,0.27027027027026507,-2.7534385906010415,-0.026070527494369354,0.7232787070511937,0.09926372091822969,6.296358772555319,3.731175568921701
174,101.35135135135157,1.9090909090909225,0.39189189189189155,0.27027027027026507,0.17567567567567471,1.4500000000000266,1.0,0.6500000000000089,2.9999999999998814,1.416666666666568,1.272727272727302,1.2222222222220906,1.1428571428570704,1.166666666666568,1.0,0.27027027027026507,-3.0396489512998004,0.029635738044488092,0.8405227285127033,0.09522937997223502,6.563100591248234,3.8892447948138003
175,101.35135135135157,2.142857142857102,0.4383561643835596,0.3013698630137003,0.19178082191782256,1.6000000000000356,1.1000000000000356,0.700000000000071,2.9999999999998814,1.666666666666568,1.5454545454546043,1.4444444444443787,1.250000000000111,1.333333333333432,1.250000000000333,0.2739726027397187,-2.502102607072282,-0.053757102154609375,0.6019760972558988,0.09850832124742402,6.344641671744275,3.830727047090874
176,104.1666666666653,1.782608695652281,0.5890410958904363,0.2602739726027464,0.16438356164384496,2.0476190476191927,0.9047619047619531,0.5714285714286198,2.866666666666627,2.583333333333284,1.1818181818182552,1.1111111111110452,1.0,1.0,0.750000000000111,0.2876712328767043,-3.3005883641974387,0.08899459546006627,0.7998535263070631,0.09669278505571982,7.4890585747130505,4.176590358974759
177,100.00000000000095,1.9090909090908166,0.5999999999999905,0.2533333333333314,0.17333333333332954,2.2499999999998446,0.9499999999999422,0.6499999999999512,3.3571428571425037,2.749999999999852,1.4999999999996447,1.3749999999997502,1.2857142857138144,1.166666666666568,1.666666666666272,0.2666666666666809,-2.9098388624083174,0.006515287247802796,0.6210790997182591,0.1020635887265705,5.938068743441062,3.56284124606451
178,101.35135135135157,1.9090909090909225,0.39189189189189155,0.27027027027026507,0.17567567567567471,1.4500000000000266,1.0,0.6500000000000089,3.214285714285859,1.416666666666568,1.3636363636365105,1.2222222222220906,1.2857142857143944,1.166666666666568,1.0,0.27027027027026507,-2.7445008731488683,-0.007123748409872262,0.6817383549631281,0.10302672975349413,6.066386863830177,3.594895919306801
179,100.00000000000095,1.7916666666667194,0.41333333333334504,0.28000000000001324,0.1866666666666834,1.5500000000000622,1.0500000000000622,0.700000000000071,3.066666666666509,1.583333333333284,1.4545454545455574,1.3333333333333333,1.2857142857143944,1.333333333333432,1.0,0.2666666666666635,-2.900876551217747,0.029057326657324353,0.2025369364625763,0.09697960578958523,6.652546017998382,3.74961684650825
180,98.68421052631513,1.9545454545453596,0.38666666666666005,0.26666666666665717,0.17333333333332954,1.4500000000000266,1.0,0.6500000000000089,3.0000000000003553,1.4166666666669256,1.3636363636365105,1.2222222222225292,1.2857142857143944,1.1666666666672094,1.000000000000444,0.26666666666665717,-2.862920179333054,0.005804414499053569,0.3209158556507095,0.09753182643061298,6.213977818735454,3.7283866912412194
181,98.68421052631513,2.047619047619171,0.3815789473684263,0.2763157894736993,0.18421052631578394,1.3809523809524413,1.0000000000000846,0.6666666666666666,3.06666666666699,1.2307692307692413,1.166666666666716,1.1000000000001244,1.000000000000222,1.0,1.0,0.2763157894736759,-3.3636470661722955,0.044855281283015136,0.8028108876732568,0.0995340318400623,6.205385709844024,3.836056620630982
182,101.35135135135157,1.9545454545453596,0.3733333333333343,0.26666666666665717,0.17333333333332954,1.333333333333305,0.952380952380896,0.6190476190475909,2.9999999999998814,1.333333333333284,1.2727272727270966,1.2222222222220906,1.1428571428570704,1.166666666666568,1.0,0.28000000000000663,-2.8770087132771778,-0.0016517915924486619,0.6361162856861193,0.11234826036499218,5.841211941048705,3.4614589280287587
183,100.00000000000095,1.9090909090909225,0.39189189189189155,0.27027027027026507,0.17567567567567471,1.4500000000000266,1.0,0.6500000000000089,2.9999999999998814,1.416666666666568,1.3636363636365105,1.2222222222220906,1.2857142857143944,1.166666666666568,1.0,0.27027027027026507,-2.9036551796835433,0.007012136294803891,0.5799820778884942,0.10386796589572782,6.017254642566224,3.5657805289281623
184,99.99999999999858,1.9130434782609285,0.41333333333334504,0.29333333333333933,0.1866666666666834,1.4761904761905729,1.047619047619108,0.6666666666667512,3.0000000000002367,1.3846153846154476,1.3636363636365105,1.200000000000071,1.1250000000001665,1.0000000000002538,1.000000000000444,0.2799999999999896,-2.7242185301008974,-0.01918131683421086,0.6705610506833398,0.10394284573916839,6.517229252492818,3.7413723486533836
